"","Backwater","CollectionDate","PIT1","PIT2","Species","Sex","TL","WT","Status","Method","Month","Year","SizeClass","Event","Disposition","Recapture","LastScan","ScanHr","DateVerified","MaxDAL","MonthName"
"1","Yuma Cove backwater",2014-01-29,"003BA6406B",NA,"XYTE","F",360,445,"Backwater release","Not available",1,2014,2,"Stocking","Released","N",2024-09-04,19,2014-01-29,3871,"January"
"2","Yuma Cove backwater",2014-01-29,"003BA6409D",NA,"XYTE","F",360,495,"Backwater release","Not available",1,2014,2,"Stocking","Released","N",2024-09-02,20,2014-01-29,3869,"January"
"3","Yuma Cove backwater",2016-05-03,"003BA711AA",NA,"XYTE","U",480,975,"Backwater capture","Not available",5,2016,2,"Capture","Released","N",2024-05-14,7,2016-05-03,2933,"May"
"4","Yuma Cove backwater",2015-01-29,"003BCB8ACD",NA,"XYTE","F",435,835,"Backwater release","Not available",1,2015,2,"Stocking","Released","N",2024-08-28,4,2015-01-29,3499,"January"
"5","Yuma Cove backwater",2016-05-03,"003BCB950E",NA,"XYTE","F",440,745,"Backwater capture","Not available",5,2016,2,"Capture","Released","N",2024-06-12,6,2016-05-03,2962,"May"
"6","Yuma Cove backwater",2016-05-03,"003BCB9520",NA,"XYTE","F",430,770,"Backwater capture","Not available",5,2016,2,"Capture","Released","N",2024-08-14,18,2016-05-03,3025,"May"
"7","Yuma Cove backwater",2016-05-03,"003BCB9528",NA,"XYTE","M",450,885,"Backwater capture","Not available",5,2016,2,"Capture","Released","N",2024-07-11,5,2016-05-03,2991,"May"
"8","Yuma Cove backwater",2016-05-03,"003BCB9533",NA,"XYTE","M",450,825,"Backwater capture","Not available",5,2016,2,"Capture","Released","N",2024-08-15,9,2016-05-03,3026,"May"
"9","Yuma Cove backwater",2016-05-03,"003BCB953A",NA,"XYTE","F",455,905,"Backwater capture","Not available",5,2016,2,"Capture","Released","N",2024-08-12,5,2016-05-03,3023,"May"
"10","Yuma Cove backwater",2016-05-03,"003BCB9541",NA,"XYTE","F",470,960,"Backwater capture","Not available",5,2016,2,"Capture","Released","N",2024-05-25,7,2016-05-03,2944,"May"
"11","Yuma Cove backwater",2016-05-03,"003BCB9547",NA,"XYTE","M",400,585,"Backwater capture","Not available",5,2016,2,"Capture","Released","N",2024-05-11,8,2016-05-03,2930,"May"
"12","Yuma Cove backwater",2016-05-03,"003BCB9562",NA,"XYTE","F",475,1035,"Backwater capture","Not available",5,2016,2,"Capture","Released","N",2024-08-28,4,2016-05-03,3039,"May"
"13","Yuma Cove backwater",2015-05-14,"003BCC0399",NA,"XYTE","U",412,670,"Backwater capture","Not available",5,2015,2,"Capture","Released","N",2024-08-31,5,2015-05-14,3397,"May"
"14","Yuma Cove backwater",2015-05-14,"003BCC039D",NA,"XYTE","U",415,795,"Backwater capture","Not available",5,2015,2,"Capture","Released","N",2024-07-16,22,2015-05-14,3351,"May"
"15","Yuma Cove backwater",2015-05-14,"003BCC039F",NA,"XYTE","U",409,655,"Backwater capture","Not available",5,2015,2,"Capture","Released","N",2024-08-30,10,2015-05-14,3396,"May"
"16","Yuma Cove backwater",2015-05-14,"003BCC03A1",NA,"XYTE","U",427,805,"Backwater capture","Not available",5,2015,2,"Capture","Released","N",2024-08-21,4,2015-05-14,3387,"May"
"17","Yuma Cove backwater",2015-05-14,"003BCC03A4",NA,"XYTE","U",403,665,"Backwater capture","Not available",5,2015,2,"Capture","Released","N",2024-08-23,20,2015-05-14,3389,"May"
"18","Yuma Cove backwater",2015-05-14,"003BCC03A5",NA,"XYTE","U",445,865,"Backwater capture","Not available",5,2015,2,"Capture","Released","N",2024-05-20,5,2015-05-14,3294,"May"
"19","Yuma Cove backwater",2015-05-14,"003BCC03A9",NA,"XYTE","U",404,660,"Backwater capture","Not available",5,2015,2,"Capture","Released","N",2024-09-05,6,2015-05-14,3402,"May"
"20","Yuma Cove backwater",2015-05-14,"003BCC03AE",NA,"XYTE","U",442,790,"Backwater capture","Not available",5,2015,2,"Capture","Released","N",2024-09-03,6,2015-05-14,3400,"May"
"21","Yuma Cove backwater",2015-05-14,"003BCC03B2",NA,"XYTE","U",425,780,"Backwater capture","Not available",5,2015,2,"Capture","Released","N",2024-08-28,21,2015-05-14,3394,"May"
"22","Yuma Cove backwater",2015-05-14,"003BCC03B4",NA,"XYTE","U",400,720,"Backwater capture","Not available",5,2015,2,"Capture","Released","N",2024-08-24,9,2015-05-14,3390,"May"
"23","Yuma Cove backwater",2015-05-14,"003BCC03BC",NA,"XYTE","U",433,885,"Backwater capture","Not available",5,2015,2,"Capture","Released","N",2024-09-04,10,2015-05-14,3401,"May"
"24","Yuma Cove backwater",2015-05-14,"003BCC03BD",NA,"XYTE","U",410,670,"Backwater capture","Not available",5,2015,2,"Capture","Released","N",2024-09-03,20,2015-05-14,3400,"May"
"25","Yuma Cove backwater",2015-05-14,"003BCC03BE",NA,"XYTE","U",425,810,"Backwater capture","Not available",5,2015,2,"Capture","Released","N",2024-09-04,20,2015-05-14,3401,"May"
"26","Yuma Cove backwater",2015-05-14,"003BCC03BF",NA,"XYTE","U",445,890,"Backwater capture","Not available",5,2015,2,"Capture","Released","N",2024-08-22,3,2015-05-14,3388,"May"
"27","Yuma Cove backwater",2015-05-14,"003BCC03C2",NA,"XYTE","U",425,760,"Backwater capture","Not available",5,2015,2,"Capture","Released","N",2024-08-31,5,2015-05-14,3397,"May"
"28","Yuma Cove backwater",2015-05-14,"003BCC03C8",NA,"XYTE","U",422,795,"Backwater capture","Not available",5,2015,2,"Capture","Released","N",2024-09-02,6,2015-05-14,3399,"May"
"29","Yuma Cove backwater",2015-05-14,"003BCC03CA",NA,"XYTE","U",416,735,"Backwater capture","Not available",5,2015,2,"Capture","Released","N",2024-08-26,9,2015-05-14,3392,"May"
"30","Yuma Cove backwater",2015-05-14,"003BCC03D0",NA,"XYTE","U",420,810,"Backwater capture","Not available",5,2015,2,"Capture","Released","N",2024-09-03,20,2015-05-14,3400,"May"
"31","Yuma Cove backwater",2015-05-14,"003BCC03D4",NA,"XYTE","U",411,680,"Backwater capture","Not available",5,2015,2,"Capture","Released","N",2024-08-02,10,2015-05-14,3368,"May"
"32","Yuma Cove backwater",2015-05-14,"003BCC03DA",NA,"XYTE","U",435,905,"Backwater capture","Not available",5,2015,2,"Capture","Released","N",2024-08-12,8,2015-05-14,3378,"May"
"33","Yuma Cove backwater",2015-05-14,"003BCC03DD",NA,"XYTE","U",435,885,"Backwater capture","Not available",5,2015,2,"Capture","Released","N",2024-08-10,3,2015-05-14,3376,"May"
"34","Yuma Cove backwater",2015-05-14,"003BCC03E0",NA,"XYTE","U",431,965,"Backwater capture","Not available",5,2015,2,"Capture","Released","N",2024-08-28,2,2015-05-14,3394,"May"
"35","Yuma Cove backwater",2015-05-14,"003BCC03E2",NA,"XYTE","U",530,1710,"Backwater capture","Not available",5,2015,3,"Capture","Released","N",2024-08-26,7,2015-05-14,3392,"May"
"36","Yuma Cove backwater",2015-05-14,"003BCC03EC",NA,"XYTE","U",434,760,"Backwater capture","Not available",5,2015,2,"Capture","Released","N",2024-08-27,7,2015-05-14,3393,"May"
"37","Yuma Cove backwater",2015-05-14,"003BCC03ED",NA,"XYTE","U",438,930,"Backwater capture","Not available",5,2015,2,"Capture","Released","N",2024-08-24,21,2015-05-14,3390,"May"
"38","Yuma Cove backwater",2015-05-14,"003BCC03F2",NA,"XYTE","U",431,810,"Backwater capture","Not available",5,2015,2,"Capture","Released","N",2024-09-03,5,2015-05-14,3400,"May"
"39","Yuma Cove backwater",2015-05-14,"003BCC03F3",NA,"XYTE","U",435,965,"Backwater capture","Not available",5,2015,2,"Capture","Released","N",2024-08-24,19,2015-05-14,3390,"May"
"40","Yuma Cove backwater",2015-05-14,"003BCC03F4",NA,"XYTE","U",427,850,"Backwater capture","Not available",5,2015,2,"Capture","Released","N",2024-08-06,5,2015-05-14,3372,"May"
"41","Yuma Cove backwater",2015-05-14,"003BCC03F5",NA,"XYTE","U",424,800,"Backwater capture","Not available",5,2015,2,"Capture","Released","N",2024-09-02,5,2015-05-14,3399,"May"
"42","Yuma Cove backwater",2017-10-12,"003BE65E18",NA,"XYTE","U",435,925,"Backwater capture","Trammel",10,2017,2,"Capture","Released","N",2024-09-04,18,2017-10-12,2519,"October"
"43","Yuma Cove backwater",2017-10-12,"003BE65E24",NA,"XYTE","U",255,315,"Backwater capture","Trammel",10,2017,1,"Capture","Released","N",2024-08-27,10,2017-10-12,2511,"October"
"44","Yuma Cove backwater",2017-10-12,"003BE65E2E",NA,"XYTE","U",445,860,"Backwater capture","Trammel",10,2017,2,"Capture","Released","N",2024-08-18,3,2017-10-12,2502,"October"
"45","Yuma Cove backwater",2017-10-12,"003BE65E33",NA,"XYTE","U",265,200,"Backwater capture","Trammel",10,2017,1,"Capture","Released","N",2024-08-25,18,2017-10-12,2509,"October"
"46","Yuma Cove backwater",2017-10-12,"003BE65E36",NA,"XYTE","M",365,590,"Backwater capture","Trammel",10,2017,2,"Capture","Released","N",2024-06-20,6,2017-10-12,2443,"October"
"47","Yuma Cove backwater",2017-10-12,"003BE65E39",NA,"XYTE","F",505,1505,"Backwater capture","Trammel",10,2017,3,"Capture","Released","N",2024-08-08,8,2017-10-12,2492,"October"
"48","Yuma Cove backwater",2017-10-12,"003BE65E3A",NA,"XYTE","U",390,640,"Backwater capture","Trammel",10,2017,2,"Capture","Released","N",2024-09-03,19,2017-10-12,2518,"October"
"49","Yuma Cove backwater",2017-10-12,"003BE65E3C",NA,"XYTE","U",410,645,"Backwater capture","Trammel",10,2017,2,"Capture","Released","N",2024-08-30,7,2017-10-12,2514,"October"
"50","Yuma Cove backwater",2017-10-12,"003BE65E40",NA,"XYTE","U",265,130,"Backwater capture","Trammel",10,2017,1,"Capture","Released","N",2024-09-04,20,2017-10-12,2519,"October"
"51","Yuma Cove backwater",2017-10-12,"003BE65E45",NA,"XYTE","U",405,650,"Backwater capture","Trammel",10,2017,2,"Capture","Released","N",2024-07-31,0,2017-10-12,2484,"October"
"52","Yuma Cove backwater",2017-10-12,"003BE65E49",NA,"XYTE","U",290,150,"Backwater capture","Trammel",10,2017,1,"Capture","Released","N",2024-09-04,19,2017-10-12,2519,"October"
"53","Yuma Cove backwater",2017-10-12,"003BE65E4B",NA,"XYTE","U",380,495,"Backwater capture","Trammel",10,2017,2,"Capture","Released","N",2024-08-25,18,2017-10-12,2509,"October"
"54","Yuma Cove backwater",2017-10-12,"003BE65E4E",NA,"XYTE","U",425,760,"Backwater capture","Trammel",10,2017,2,"Capture","Released","N",2024-05-11,7,2017-10-12,2403,"October"
"55","Yuma Cove backwater",2017-10-12,"003BE65E57",NA,"XYTE","U",445,890,"Backwater capture","Trammel",10,2017,2,"Capture","Released","N",2024-08-31,5,2017-10-12,2515,"October"
"56","Yuma Cove backwater",2017-10-12,"003BE65E59",NA,"XYTE","F",530,1970,"Backwater capture","Trammel",10,2017,3,"Capture","Released","N",2024-08-22,2,2017-10-12,2506,"October"
"57","Yuma Cove backwater",2017-10-12,"003BE65E5A",NA,"XYTE","U",415,730,"Backwater capture","Trammel",10,2017,2,"Capture","Released","N",2024-08-18,3,2017-10-12,2502,"October"
"58","Yuma Cove backwater",2017-10-12,"003BE65E5C",NA,"XYTE","M",465,1055,"Backwater capture","Trammel",10,2017,2,"Capture","Released","N",2024-05-29,9,2017-10-12,2421,"October"
"59","Yuma Cove backwater",2017-10-12,"003BE65E67",NA,"XYTE","U",260,180,"Backwater capture","Trammel",10,2017,1,"Capture","Released","N",2024-08-15,23,2017-10-12,2499,"October"
"60","Yuma Cove backwater",2017-10-12,"003BE65E70",NA,"XYTE","U",300,285,"Backwater capture","Trammel",10,2017,1,"Capture","Released","N",2024-06-29,3,2017-10-12,2452,"October"
"61","Yuma Cove backwater",2017-10-12,"003BE65E75",NA,"XYTE","U",435,860,"Backwater capture","Trammel",10,2017,2,"Capture","Released","N",2024-06-19,17,2017-10-12,2442,"October"
"62","Yuma Cove backwater",2017-05-09,"003BE65F89",NA,"XYTE","M",490,1170,"Backwater capture","Trammel",5,2017,2,"Capture","Released","N",2024-08-15,11,2017-05-09,2655,"May"
"63","Yuma Cove backwater",2017-05-09,"003BE65F8B",NA,"XYTE","J",272,180,"Backwater capture","Trammel",5,2017,1,"Capture","Released","N",2024-08-09,1,2017-05-09,2649,"May"
"64","Yuma Cove backwater",2017-05-09,"003BE65F8D",NA,"XYTE","M",501,1290,"Backwater capture","Trammel",5,2017,3,"Capture","Released","N",2024-08-31,6,2017-05-09,2671,"May"
"65","Yuma Cove backwater",2017-05-09,"003BE65F8F",NA,"XYTE","M",472,885,"Backwater capture","Trammel",5,2017,2,"Capture","Released","N",2024-08-22,9,2017-05-09,2662,"May"
"66","Yuma Cove backwater",2017-05-09,"003BE65F97",NA,"XYTE","M",454,920,"Backwater capture","Trammel",5,2017,2,"Capture","Released","N",2024-05-13,18,2017-05-09,2561,"May"
"67","Yuma Cove backwater",2017-05-09,"003BE65FA2",NA,"XYTE","M",446,900,"Backwater capture","Trammel",5,2017,2,"Capture","Released","N",2024-08-15,9,2017-05-09,2655,"May"
"68","Yuma Cove backwater",2016-05-18,"003BE78915",NA,"XYTE","F",430,950,"Backwater capture","Not available",5,2016,2,"Capture","Released","N",2024-07-23,1,2016-05-18,2988,"May"
"69","Yuma Cove backwater",2016-05-18,"003BE8F198",NA,"XYTE","F",450,785,"Backwater capture","Not available",5,2016,2,"Capture","Released","N",2024-08-25,17,2016-05-18,3021,"May"
"70","Yuma Cove backwater",2016-10-13,"003BE8F1E1",NA,"XYTE","M",443,975,"Backwater capture","Not available",10,2016,2,"Capture","Released","N",2024-06-05,6,2016-10-13,2792,"October"
"71","Yuma Cove backwater",2016-10-13,"003BE8F1FC",NA,"XYTE","U",475,1050,"Backwater capture","Not available",10,2016,2,"Capture","Released","N",2024-09-03,6,2016-10-13,2882,"October"
"72","Yuma Cove backwater",2016-05-18,"003BE8F68D",NA,"XYTE","F",475,1005,"Backwater capture","Not available",5,2016,2,"Capture","Released","N",2024-08-24,9,2016-05-18,3020,"May"
"73","Yuma Cove backwater",2018-10-11,"003C06F225",NA,"XYTE","U",159,NA,"Backwater capture","Hoop net",10,2018,1,"Capture","Released","N",2024-05-23,19,2018-10-11,2051,"October"
"74","Yuma Cove backwater",2018-10-11,"003C06F29B",NA,"XYTE","F",483,1165,"Backwater capture","Trammel",10,2018,2,"Capture","Released","N",2024-08-22,9,2018-10-11,2142,"October"
"75","Yuma Cove backwater",2018-10-11,"003C0724D9",NA,"XYTE","F",567,1805,"Backwater capture","Trammel",10,2018,3,"Capture","Released","N",2024-06-30,17,2018-10-11,2089,"October"
"76","Yuma Cove backwater",2020-02-12,"003D7727A8",NA,"XYTE","U",354,NA,"Backwater release","Not available",2,2020,2,"Stocking","Released","N",2024-09-05,6,2020-02-12,1667,"February"
"77","Yuma Cove backwater",2020-02-12,"003D7727B7",NA,"XYTE","U",384,NA,"Backwater release","Not available",2,2020,2,"Stocking","Released","N",2024-09-05,4,2020-02-12,1667,"February"
"78","Yuma Cove backwater",2020-02-12,"003D7727CB",NA,"XYTE","U",342,NA,"Backwater release","Not available",2,2020,1,"Stocking","Released","N",2024-05-18,4,2020-02-12,1557,"February"
"79","Yuma Cove backwater",2020-02-12,"003D7727D2",NA,"XYTE","U",352,NA,"Backwater release","Not available",2,2020,2,"Stocking","Released","N",2024-09-05,5,2020-02-12,1667,"February"
"80","Yuma Cove backwater",2020-02-12,"003D7727DB",NA,"XYTE","U",370,NA,"Backwater release","Not available",2,2020,2,"Stocking","Released","N",2024-08-25,19,2020-02-12,1656,"February"
"81","Yuma Cove backwater",2020-02-12,"003D7727DE",NA,"XYTE","U",340,NA,"Backwater release","Not available",2,2020,1,"Stocking","Released","N",2024-09-05,6,2020-02-12,1667,"February"
"82","Yuma Cove backwater",2020-02-12,"003D7727E8",NA,"XYTE","U",360,NA,"Backwater release","Not available",2,2020,2,"Stocking","Released","N",2024-09-05,4,2020-02-12,1667,"February"
"83","Yuma Cove backwater",2020-02-12,"003D7727E9",NA,"XYTE","U",370,NA,"Backwater release","Not available",2,2020,2,"Stocking","Released","N",2024-09-05,5,2020-02-12,1667,"February"
"84","Yuma Cove backwater",2020-02-12,"003D7727EC",NA,"XYTE","U",385,NA,"Backwater release","Not available",2,2020,2,"Stocking","Released","N",2024-09-05,5,2020-02-12,1667,"February"
"85","Yuma Cove backwater",2020-02-12,"003D7727F8",NA,"XYTE","U",374,NA,"Backwater release","Not available",2,2020,2,"Stocking","Released","N",2024-07-05,16,2020-02-12,1605,"February"
"86","Yuma Cove backwater",2020-02-12,"003D7727F9",NA,"XYTE","U",366,NA,"Backwater release","Not available",2,2020,2,"Stocking","Released","N",2024-09-05,6,2020-02-12,1667,"February"
"87","Yuma Cove backwater",2020-02-12,"003D7727FB",NA,"XYTE","U",354,NA,"Backwater release","Not available",2,2020,2,"Stocking","Released","N",2024-09-05,5,2020-02-12,1667,"February"
"88","Yuma Cove backwater",2020-02-12,"003D772801",NA,"XYTE","U",357,NA,"Backwater release","Not available",2,2020,2,"Stocking","Released","N",2024-09-05,5,2020-02-12,1667,"February"
"89","Yuma Cove backwater",2020-11-04,"003D772D8A",NA,"XYTE","U",505,1315,"Backwater capture","Trammel",11,2020,3,"Capture","Released","N",2024-09-05,6,2020-11-04,1401,"November"
"90","Yuma Cove backwater",2020-11-04,"003D772D8C",NA,"XYTE","U",500,1215,"Backwater capture","Trammel",11,2020,3,"Capture","Released","N",2024-06-19,8,2020-11-04,1323,"November"
"91","Yuma Cove backwater",2020-11-04,"003D772D9D",NA,"XYTE","U",515,1280,"Backwater capture","Trammel",11,2020,3,"Capture","Released","N",2024-06-05,9,2020-11-04,1309,"November"
"92","Yuma Cove backwater",2020-11-04,"003D772DC8",NA,"XYTE","U",515,1370,"Backwater capture","Trammel",11,2020,3,"Capture","Released","N",2024-08-27,23,2020-11-04,1392,"November"
"93","Yuma Cove backwater",2020-11-04,"003D772DD7",NA,"XYTE","U",512,1330,"Backwater capture","Trammel",11,2020,3,"Capture","Released","N",2024-08-28,20,2020-11-04,1393,"November"
"94","Yuma Cove backwater",2021-10-29,"003D774A77",NA,"XYTE","U",242,160,"Backwater capture","Not available",10,2021,1,"Capture","Released","N",2024-08-19,16,2021-10-29,1025,"October"
"95","Yuma Cove backwater",2021-10-29,"003D774ABC",NA,"XYTE","U",510,1375,"Backwater capture","Not available",10,2021,3,"Capture","Released","N",2024-09-01,3,2021-10-29,1038,"October"
"96","Yuma Cove backwater",2021-10-29,"003D77604C",NA,"XYTE","U",506,1235,"Backwater capture","Not available",10,2021,3,"Capture","Released","N",2024-08-25,10,2021-10-29,1031,"October"
"97","Yuma Cove backwater",2021-10-29,"003D77607A",NA,"XYTE","U",471,970,"Backwater capture","Not available",10,2021,2,"Capture","Released","N",2024-09-02,7,2021-10-29,1039,"October"
"98","Yuma Cove backwater",2021-10-29,"003D776087",NA,"XYTE","U",509,1415,"Backwater capture","Not available",10,2021,3,"Capture","Released","N",2024-09-01,4,2021-10-29,1038,"October"
"99","Yuma Cove backwater",2021-10-29,"003D77608C",NA,"XYTE","U",495,1350,"Backwater capture","Not available",10,2021,2,"Capture","Released","N",2024-09-05,3,2021-10-29,1042,"October"
"100","Yuma Cove backwater",2021-10-29,"003D7760A1",NA,"XYTE","U",499,1225,"Backwater capture","Not available",10,2021,2,"Capture","Released","N",2024-09-01,20,2021-10-29,1038,"October"
"101","Yuma Cove backwater",2021-10-29,"003D7760A2",NA,"XYTE","U",442,940,"Backwater capture","Not available",10,2021,2,"Capture","Released","N",2024-06-08,20,2021-10-29,953,"October"
"102","Yuma Cove backwater",2020-11-04,"003D795C4C",NA,"XYTE","U",540,1565,"Backwater capture","Trammel",11,2020,3,"Capture","Released","N",2024-05-29,12,2020-11-04,1302,"November"
"103","Yuma Cove backwater",2020-11-04,"003D795C59",NA,"XYTE","U",462,1030,"Backwater capture","Trammel",11,2020,2,"Capture","Released","N",2024-09-01,4,2020-11-04,1397,"November"
"104","Yuma Cove backwater",2020-11-04,"003D795C5C",NA,"XYTE","U",506,1235,"Backwater capture","Trammel",11,2020,3,"Capture","Released","N",2024-08-02,18,2020-11-04,1367,"November"
"105","Yuma Cove backwater",2020-11-04,"003D795C7C",NA,"XYTE","U",365,430,"Backwater capture","Trammel",11,2020,2,"Capture","Released","N",2024-09-03,6,2020-11-04,1399,"November"
"106","Yuma Cove backwater",2020-11-04,"003D795C7E",NA,"XYTE","U",453,920,"Backwater capture","Trammel",11,2020,2,"Capture","Released","N",2024-08-17,19,2020-11-04,1382,"November"
"107","Yuma Cove backwater",2020-11-04,"003D795C82",NA,"XYTE","U",508,1320,"Backwater capture","Trammel",11,2020,3,"Capture","Released","N",2024-09-03,4,2020-11-04,1399,"November"
"108","Yuma Cove backwater",2020-11-04,"003D795C8C",NA,"XYTE","U",515,1360,"Backwater capture","Trammel",11,2020,3,"Capture","Released","N",2024-09-04,23,2020-11-04,1400,"November"
"109","Yuma Cove backwater",2020-11-04,"003D795C98",NA,"XYTE","U",510,1270,"Backwater capture","Trammel",11,2020,3,"Capture","Released","N",2024-09-03,6,2020-11-04,1399,"November"
"110","Yuma Cove backwater",2020-11-04,"003D795C99",NA,"XYTE","U",480,1270,"Backwater capture","Trammel",11,2020,2,"Capture","Released","N",2024-05-04,23,2020-11-04,1277,"November"
"111","Yuma Cove backwater",2020-11-04,"003D795C9D",NA,"XYTE","U",475,1130,"Backwater capture","Trammel",11,2020,2,"Capture","Released","N",2024-09-05,1,2020-11-04,1401,"November"
"112","Yuma Cove backwater",2020-11-04,"003D795C9F",NA,"XYTE","U",450,795,"Backwater capture","Trammel",11,2020,2,"Capture","Released","N",2024-09-05,4,2020-11-04,1401,"November"
"113","Yuma Cove backwater",2020-11-04,"003D7960A8",NA,"XYTE","M",494,1225,"Backwater capture","Trammel",11,2020,2,"Capture","Released","N",2024-09-04,5,2020-11-04,1400,"November"
"114","Yuma Cove backwater",2020-11-04,"003D7960AB",NA,"XYTE","M",483,1103,"Backwater capture","Trammel",11,2020,2,"Capture","Released","N",2024-06-04,2,2020-11-04,1308,"November"
"115","Yuma Cove backwater",2020-11-04,"003D7960B8",NA,"XYTE","U",506,1450,"Backwater capture","Trammel",11,2020,3,"Capture","Released","N",2024-09-05,4,2020-11-04,1401,"November"
"116","Yuma Cove backwater",2020-11-04,"003D7960C1",NA,"XYTE","U",376,455,"Backwater capture","Trammel",11,2020,2,"Capture","Released","N",2024-08-27,19,2020-11-04,1392,"November"
"117","Yuma Cove backwater",2020-11-04,"003D7960C2",NA,"XYTE","U",416,625,"Backwater capture","Trammel",11,2020,2,"Capture","Released","N",2024-08-28,0,2020-11-04,1393,"November"
"118","Yuma Cove backwater",2020-11-04,"003D7960C5",NA,"XYTE","U",503,1250,"Backwater capture","Trammel",11,2020,3,"Capture","Released","N",2024-08-28,12,2020-11-04,1393,"November"
"119","Yuma Cove backwater",2020-11-04,"003D7960E8",NA,"XYTE","U",486,1215,"Backwater capture","Trammel",11,2020,2,"Capture","Released","N",2024-08-15,13,2020-11-04,1380,"November"
"120","Yuma Cove backwater",2021-10-29,"003D8AC3EB",NA,"XYTE","U",487,1085,"Backwater capture","Not available",10,2021,2,"Capture","Released","N",2024-09-02,21,2021-10-29,1039,"October"
"121","Yuma Cove backwater",2021-10-29,"003D8AC3F9",NA,"XYTE","U",471,1120,"Backwater capture","Not available",10,2021,2,"Capture","Released","N",2024-09-05,4,2021-10-29,1042,"October"
"122","Yuma Cove backwater",2021-10-29,"003D8AC40F",NA,"XYTE","U",573,2065,"Backwater capture","Not available",10,2021,3,"Capture","Released","N",2024-08-28,20,2021-10-29,1034,"October"
"123","Yuma Cove backwater",2021-10-29,"003D8AC410",NA,"XYTE","U",547,1660,"Backwater capture","Not available",10,2021,3,"Capture","Released","N",2024-09-03,21,2021-10-29,1040,"October"
"124","Yuma Cove backwater",2021-10-29,"003D8AC411",NA,"XYTE","U",476,1065,"Backwater capture","Not available",10,2021,2,"Capture","Released","N",2024-09-03,6,2021-10-29,1040,"October"
"125","Yuma Cove backwater",2021-10-29,"003D8AC416",NA,"XYTE","U",556,1815,"Backwater capture","Not available",10,2021,3,"Capture","Released","N",2024-08-21,10,2021-10-29,1027,"October"
"126","Yuma Cove backwater",2021-10-29,"003D8AC41C",NA,"XYTE","U",520,1425,"Backwater capture","Not available",10,2021,3,"Capture","Released","N",2024-08-26,9,2021-10-29,1032,"October"
"127","Yuma Cove backwater",2021-10-29,"003D8AC420",NA,"XYTE","U",446,1010,"Backwater capture","Not available",10,2021,2,"Capture","Released","N",2024-08-22,21,2021-10-29,1028,"October"
"128","Yuma Cove backwater",2021-10-29,"003D8AC43C",NA,"XYTE","U",553,1685,"Backwater capture","Not available",10,2021,3,"Capture","Released","N",2024-08-29,18,2021-10-29,1035,"October"
"129","Yuma Cove backwater",2022-11-02,"003D8B3BCD",NA,"XYTE","F",522,NA,"Backwater capture","Trammel",11,2022,3,"Capture","Released","N",2024-09-03,19,2022-11-02,671,"November"
"130","Yuma Cove backwater",2022-11-02,"003D8B3BDC",NA,"XYTE","F",565,NA,"Backwater capture","Trammel",11,2022,3,"Capture","Released","N",2024-08-25,17,2022-11-02,662,"November"
"131","Yuma Cove backwater",2022-11-02,"003D8B3BEC",NA,"XYTE","F",565,NA,"Backwater capture","Trammel",11,2022,3,"Capture","Released","N",2024-08-31,5,2022-11-02,668,"November"
"132","Yuma Cove backwater",2022-11-02,"003D8B3BED",NA,"XYTE","F",530,NA,"Backwater capture","Trammel",11,2022,3,"Capture","Released","N",2024-09-05,4,2022-11-02,673,"November"
"133","Yuma Cove backwater",2022-11-02,"003D8B47C5",NA,"XYTE","F",546,NA,"Backwater capture","Trammel",11,2022,3,"Capture","Released","N",2024-09-05,1,2022-11-02,673,"November"
"134","Yuma Cove backwater",2023-11-14,"003E21D098",NA,"XYTE","J",105,NA,"Backwater capture","Hoop net",11,2023,1,"Capture","Released","N",2024-08-29,10,2023-11-14,289,"November"
"135","Yuma Cove backwater",2023-11-14,"003E21D0B4",NA,"XYTE","J",91,NA,"Backwater capture","Hoop net",11,2023,1,"Capture","Released","N",2024-08-09,18,2023-11-14,269,"November"
"136","Yuma Cove backwater",2023-11-14,"003E21D0C1",NA,"XYTE","J",140,NA,"Backwater capture","Hoop net",11,2023,1,"Capture","Released","N",2024-09-05,4,2023-11-14,296,"November"
"137","Yuma Cove backwater",2023-11-14,"003E21D0D4",NA,"XYTE","J",113,NA,"Backwater capture","Hoop net",11,2023,1,"Capture","Released","N",2024-08-14,13,2023-11-14,274,"November"
"138","Yuma Cove backwater",2023-11-14,"003E21D0DB",NA,"XYTE","J",108,NA,"Backwater capture","Hoop net",11,2023,1,"Capture","Released","N",2024-09-01,11,2023-11-14,292,"November"
"139","Yuma Cove backwater",2023-11-14,"003E21D0DC",NA,"XYTE","J",108,NA,"Backwater capture","Hoop net",11,2023,1,"Capture","Released","N",2024-09-02,8,2023-11-14,293,"November"
"140","Yuma Cove backwater",2023-11-14,"003E21D47E",NA,"XYTE","J",501,1090,"Backwater capture","Hoop net",11,2023,3,"Capture","Released","N",2024-08-23,8,2023-11-14,283,"November"
"141","Yuma Cove backwater",2023-11-14,"003E21D487",NA,"XYTE","J",132,NA,"Backwater capture","Hoop net",11,2023,1,"Capture","Released","N",2024-08-18,11,2023-11-14,278,"November"
"142","Yuma Cove backwater",2023-11-14,"003E21D489",NA,"XYTE","F",496,NA,"Backwater capture","Hoop net",11,2023,2,"Capture","Released","N",2024-09-01,8,2023-11-14,292,"November"
"143","Yuma Cove backwater",2023-11-14,"003E21D493",NA,"XYTE","J",274,175,"Backwater capture","Hoop net",11,2023,1,"Capture","Released","N",2024-09-05,3,2023-11-14,296,"November"
"144","Yuma Cove backwater",2023-11-14,"003E21D4A0",NA,"XYTE","J",102,NA,"Backwater capture","Hoop net",11,2023,1,"Capture","Released","N",2024-08-03,20,2023-11-14,263,"November"
"145","Yuma Cove backwater",2023-11-14,"003E21D4A8",NA,"XYTE","J",321,260,"Backwater capture","Hoop net",11,2023,1,"Capture","Released","N",2024-09-04,1,2023-11-14,295,"November"
"146","Yuma Cove backwater",2023-11-14,"003E21D4AB",NA,"XYTE","J",124,NA,"Backwater capture","Hoop net",11,2023,1,"Capture","Released","N",2024-09-04,14,2023-11-14,295,"November"
"147","Yuma Cove backwater",2023-11-14,"003E21D8BD",NA,"XYTE","F",536,1710,"Backwater capture","Trammel",11,2023,3,"Capture","Released","N",2024-08-29,21,2023-11-14,289,"November"
"148","Yuma Cove backwater",2023-11-14,"003E21D8C2",NA,"XYTE","J",138,20,"Backwater capture","Hoop net",11,2023,1,"Capture","Released","N",2024-08-27,9,2023-11-14,287,"November"
"149","Yuma Cove backwater",2023-11-14,"003E21D8CA",NA,"XYTE","J",144,NA,"Backwater capture","Hoop net",11,2023,1,"Capture","Released","N",2024-09-05,3,2023-11-14,296,"November"
"150","Yuma Cove backwater",2023-11-14,"003E21D8D4",NA,"XYTE","J",112,NA,"Backwater capture","Hoop net",11,2023,1,"Capture","Released","N",2024-09-04,10,2023-11-14,295,"November"
"151","Yuma Cove backwater",2023-11-14,"003E21D8D5",NA,"XYTE","J",332,300,"Backwater capture","Trammel",11,2023,1,"Capture","Released","N",2024-07-27,10,2023-11-14,256,"November"
"152","Yuma Cove backwater",2023-11-14,"003E21D8DD",NA,"XYTE","M",470,930,"Backwater capture","Trammel",11,2023,2,"Capture","Released","N",2024-09-04,6,2023-11-14,295,"November"
"153","Yuma Cove backwater",2023-11-14,"003E21D8DE",NA,"XYTE","J",321,295,"Backwater capture","Trammel",11,2023,1,"Capture","Released","N",2024-08-22,21,2023-11-14,282,"November"
"154","Yuma Cove backwater",2023-11-14,"003E21D8EA",NA,"XYTE","J",138,NA,"Backwater capture","Hoop net",11,2023,1,"Capture","Released","N",2024-08-24,21,2023-11-14,284,"November"
"155","Yuma Cove backwater",2023-11-14,"003E21D8ED",NA,"XYTE","J",264,160,"Backwater capture","Trammel",11,2023,1,"Capture","Released","N",2024-09-04,19,2023-11-14,295,"November"
"156","Yuma Cove backwater",2023-11-14,"003E21D8EF",NA,"XYTE","J",336,335,"Backwater capture","Trammel",11,2023,1,"Capture","Released","N",2024-09-01,8,2023-11-14,292,"November"
"157","Yuma Cove backwater",2023-11-14,"003E21D8F9",NA,"XYTE","J",338,315,"Backwater capture","Trammel",11,2023,1,"Capture","Released","N",2024-08-30,4,2023-11-14,290,"November"
"158","Yuma Cove backwater",2023-11-14,"003E21D903",NA,"XYTE","J",317,245,"Backwater capture","Trammel",11,2023,1,"Capture","Released","N",2024-09-01,7,2023-11-14,292,"November"
"159","Yuma Cove backwater",2023-11-14,"003E21D907",NA,"XYTE","J",306,245,"Backwater capture","Trammel",11,2023,1,"Capture","Released","N",2024-09-04,16,2023-11-14,295,"November"
"160","Yuma Cove backwater",2023-11-14,"003E21D920",NA,"XYTE","J",359,415,"Backwater capture","Trammel",11,2023,2,"Capture","Released","N",2024-08-31,9,2023-11-14,291,"November"
"161","Yuma Cove backwater",2015-05-28,"1B7969F05F",NA,"XYTE","U",536,745,"Backwater capture","Not available",5,2015,3,"Capture","Released","N",2024-08-19,10,2015-05-28,3371,"May"
"162","Yuma Cove backwater",2015-05-28,"1B7969F1FB",NA,"XYTE","U",424,745,"Backwater capture","Not available",5,2015,2,"Capture","Released","N",2024-08-29,20,2015-05-28,3381,"May"
"163","Yuma Cove backwater",2015-05-28,"1B7969F243",NA,"XYTE","U",405,655,"Backwater capture","Not available",5,2015,2,"Capture","Released","N",2024-08-03,10,2015-05-28,3355,"May"
"164","Yuma Cove backwater",2015-05-28,"1B7969F568",NA,"XYTE","U",420,700,"Backwater capture","Not available",5,2015,2,"Capture","Released","N",2024-08-14,6,2015-05-28,3366,"May"
"165","Yuma Cove backwater",2015-05-14,"1B7969F63E",NA,"XYTE","U",414,725,"Backwater capture","Not available",5,2015,2,"Capture","Released","N",2024-07-19,2,2015-05-14,3354,"May"
"166","Yuma Cove backwater",2015-05-28,"1B796DD08A",NA,"XYTE","U",425,800,"Backwater capture","Not available",5,2015,2,"Capture","Released","N",2024-09-01,6,2015-05-28,3384,"May"
"167","Yuma Cove backwater",2013-02-11,"1B796EDCC6",NA,"XYTE","F",415,714,"Backwater release","Not available",2,2013,2,"Stocking","Released","N",2024-07-28,3,2013-02-11,4185,"February"
"168","Yuma Cove backwater",2013-02-11,"1B796EDD38",NA,"XYTE","F",475,980,"Backwater release","Not available",2,2013,2,"Stocking","Released","N",2024-08-19,3,2013-02-11,4207,"February"
"169","Yuma Cove backwater",2013-02-11,"1B796EDD8F",NA,"XYTE","F",455,812,"Backwater release","Not available",2,2013,2,"Stocking","Released","N",2024-08-28,3,2013-02-11,4216,"February"
"170","Yuma Cove backwater",2013-02-11,"1B796EDE18",NA,"XYTE","F",436,771,"Backwater release","Not available",2,2013,2,"Stocking","Released","N",2024-08-07,9,2013-02-11,4195,"February"
"171","Yuma Cove backwater",2013-02-11,"1B796EE317",NA,"XYTE","F",410,734,"Backwater release","Not available",2,2013,2,"Stocking","Released","N",2024-07-06,17,2013-02-11,4163,"February"
"172","Yuma Cove backwater",2013-02-11,"1B796EE4F5",NA,"XYTE","F",445,927,"Backwater release","Not available",2,2013,2,"Stocking","Released","N",2024-09-04,19,2013-02-11,4223,"February"
"173","Yuma Cove backwater",2013-02-11,"1B796EE60E",NA,"XYTE","F",450,863,"Backwater release","Not available",2,2013,2,"Stocking","Released","N",2024-09-04,6,2013-02-11,4223,"February"
"174","Yuma Cove backwater",2013-02-11,"1B796EE7E7",NA,"XYTE","F",426,788,"Backwater release","Not available",2,2013,2,"Stocking","Released","N",2024-08-03,10,2013-02-11,4191,"February"
"175","Yuma Cove backwater",2013-02-11,"1B796EE857",NA,"XYTE","F",410,710,"Backwater release","Not available",2,2013,2,"Stocking","Released","N",2024-08-29,19,2013-02-11,4217,"February"
"176","Yuma Cove backwater",2013-02-11,"1B796EEA92",NA,"XYTE","F",464,1068,"Backwater release","Not available",2,2013,2,"Stocking","Released","N",2024-08-15,8,2013-02-11,4203,"February"
"177","Yuma Cove backwater",2013-02-11,"1B796EEDC0",NA,"XYTE","M",406,633,"Backwater release","Not available",2,2013,2,"Stocking","Released","N",2024-07-30,6,2013-02-11,4187,"February"
"178","Yuma Cove backwater",2013-02-11,"1B796EEEC4",NA,"XYTE","F",457,976,"Backwater release","Not available",2,2013,2,"Stocking","Released","N",2024-09-03,20,2013-02-11,4222,"February"
"179","Yuma Cove backwater",2013-02-11,"1B796EEEF5",NA,"XYTE","F",425,735,"Backwater release","Not available",2,2013,2,"Stocking","Released","N",2024-08-18,3,2013-02-11,4206,"February"
"180","Yuma Cove backwater",2013-02-11,"1B796EEFA5",NA,"XYTE","M",381,547,"Backwater release","Not available",2,2013,2,"Stocking","Released","N",2024-08-27,7,2013-02-11,4215,"February"
